insert into towns values(1, 'Wantage', 'OX12', '1');
insert into addresses values(1, '1', 'West Street', '2BH', 1);
insert into students values(500001, 'Smith', 'Isabella', 1);
insert into student_courses values(100001, '2009', 500001, 'CM85');
insert into students values(500002, 'Taylor', 'Emily', 1);
insert into student_courses values(100002, '2010', 500002, 'CM79');
insert into student_courses values(100003, '2008', 500002, 'CM85');
insert into towns values(2, 'Morecambe', 'LA4', '2');
insert into addresses values(2, '2', 'Broadway', '2AG', 2);
insert into students values(500004, 'Jones', 'Madison', 2);
insert into student_courses values(100004, '2008', 500004, 'CM79');
insert into addresses values(3, '3', 'Chester Road', '3AI', 2);
insert into students values(500005, 'Taylor', 'Daniel', 3);
insert into student_courses values(100005, '2009', 500005, 'CM51');
insert into towns values(3, 'Chesterfield', 'S40', '3');
insert into addresses values(4, '4', 'Manor Road', '1AJ', 3);
insert into students values(500006, 'Brown', 'Olivia', 4);
insert into student_courses values(100006, '2010', 500006, 'CM79');
insert into addresses values(5, '5', 'The Crescent', '1BD', 3);
insert into students values(500007, 'Williams', 'Sophia', 5);
insert into student_courses values(100007, '2008', 500007, 'CM51');
insert into addresses values(6, '6', 'The Avenue', '1BC', 2);
insert into students values(500008, 'Wilson', 'Abigail', 6);
insert into student_courses values(100008, '2009', 500008, 'CM51');
insert into towns values(4, 'Sheffield', 'S1', '3');
insert into addresses values(7, '7', 'The Drive', '3AF', 4);
insert into students values(500009, 'Johnson', 'Christopher', 7);
insert into student_courses values(100009, '2010', 500009, 'CM51');
insert into addresses values(8, '8', 'Park Lane', '2BB', 1);
insert into students values(500010, 'Davies', 'Chloe', 8);
insert into student_courses values(100010, '2008', 500010, 'CM79');
insert into addresses values(9, '9', 'West Street', '2BH', 1);
insert into students values(500011, 'Robinson', 'Samantha', 9);
insert into student_courses values(100011, '2009', 500011, 'CM51');
insert into addresses values(10, '10', 'Main Street', '1AC', 4);
insert into students values(500012, 'Wright', 'Addison', 10);
insert into student_courses values(100012, '2010', 500012, 'CM85');
insert into towns values(5, 'Abingdon', 'OX14', '1');
insert into addresses values(11, '11', 'South Street', '3AD', 5);
insert into students values(500013, 'Thompson', 'Joseph', 11);
insert into student_courses values(100013, '2008', 500013, 'CM51');
insert into addresses values(12, '12', 'Park Lane', '2BB', 1);
insert into students values(500014, 'Evans', 'Mia', 12);
insert into student_courses values(100014, '2009', 500014, 'CM79');
insert into addresses values(13, '13', 'Church Street', '1AF', 2);
insert into students values(500015, 'Walker', 'Alexis', 13);
insert into student_courses values(100015, '2010', 500015, 'CM85');
insert into addresses values(14, '14', 'Stanley Road', '3AH', 5);
insert into students values(500016, 'White', 'Alyssa', 14);
insert into student_courses values(100016, '2008', 500016, 'CM85');
insert into addresses values(15, '15', 'High Street', '1AA', 1);
insert into students values(500017, 'Roberts', 'James', 15);
insert into student_courses values(100017, '2009', 500017, 'CM79');
insert into addresses values(16, '16', 'George Street', '2BA', 3);
insert into students values(500018, 'Green', 'Ashley', 16);
insert into student_courses values(100018, '2010', 500018, 'CM79');
insert into addresses values(17, '17', 'Grange Road', '1BG', 1);
insert into students values(500019, 'Hall', 'Ella', 17);
insert into student_courses values(100019, '2008', 500019, 'CM79');
insert into addresses values(18, '18', 'The Grove', '3AA', 5);
insert into students values(500020, 'Wood', 'Sarah', 18);
insert into student_courses values(100020, '2009', 500020, 'CM79');
insert into addresses values(19, '19', 'Alexander Road', '2AC', 2);
insert into students values(500021, 'Jackson', 'Nathan', 19);
insert into student_courses values(100021, '2010', 500021, 'CM79');
insert into addresses values(20, '20', 'Grange Road', '1BG', 2);
insert into students values(500022, 'Clarke', 'Taylor', 20);
insert into student_courses values(100022, '2008', 500022, 'CM85');
insert into addresses values(21, '1', 'Mill Lane', '2AB', 3);
insert into students values(500023, 'Jones', 'Brianna', 21);
insert into student_courses values(100023, '2009', 500023, 'CM79');
insert into students values(500024, 'Evans', 'Lily', 21);
insert into student_courses values(100024, '2010', 500024, 'CM85');
insert into addresses values(22, '2', 'The Drive', '3AF', 3);
insert into students values(500025, 'Williams', 'Benjamin', 22);
insert into student_courses values(100025, '2008', 500025, 'CM79');
insert into addresses values(23, '3', 'Alexander Road', '2AC', 4);
insert into students values(500026, 'Davies', 'Anna', 23);
insert into student_courses values(100026, '2009', 500026, 'CM85');
insert into addresses values(24, '4', 'Grange Road', '1BG', 5);
insert into students values(500027, 'Evans', 'Victoria', 24);
insert into student_courses values(100027, '2010', 500027, 'CM85');
insert into addresses values(25, '5', 'Springfield Road', '2AJ', 3);
insert into students values(500028, 'Thomas', 'Kayla', 25);
insert into student_courses values(100028, '2008', 500028, 'CM85');
insert into addresses values(26, '6', 'Mill Road', '3AJ', 2);
insert into students values(500029, 'Roberts', 'Nicholas', 26);
insert into student_courses values(100029, '2009', 500029, 'CM79');
insert into addresses values(27, '7', 'West Street', '2BH', 2);
insert into students values(500030, 'Lewis', 'Lauren', 27);
insert into student_courses values(100030, '2010', 500030, 'CM79');
insert into addresses values(28, '8', 'Green Lane', '1AI', 3);
insert into students values(500031, 'Hughes', 'Kaylee', 28);
insert into student_courses values(100031, '2008', 500031, 'CM51');
insert into addresses values(29, '9', 'Windsor Road', '1BJ', 3);
insert into students values(500032, 'Morgan', 'Allison', 29);
insert into student_courses values(100032, '2009', 500032, 'CM79');
insert into addresses values(30, '10', 'Church Road', '1AE', 5);
insert into students values(500033, 'Griffiths', 'Brandon', 30);
insert into student_courses values(100033, '2010', 500033, 'CM85');
insert into addresses values(31, '11', 'Queensway', '2BE', 3);
insert into students values(500034, 'Edwards', 'Nevaeh', 31);
insert into student_courses values(100034, '2008', 500034, 'CM79');
insert into addresses values(32, '12', 'Church Street', '1AF', 4);
insert into students values(500035, 'Smith', 'Gabriella', 32);
insert into student_courses values(100035, '2009', 500035, 'CM85');
insert into addresses values(33, '13', 'Albert Road', '2BD', 1);
insert into students values(500036, 'James', 'Sofia', 33);
insert into student_courses values(100036, '2010', 500036, 'CM51');
insert into students values(500037, 'Rees', 'Isaac', 14);
insert into student_courses values(100037, '2008', 500037, 'CM85');
insert into addresses values(34, '15', 'Chester Road', '3AI', 2);
insert into students values(500038, 'Jenkins', 'Avery', 34);
insert into student_courses values(100038, '2009', 500038, 'CM79');
insert into addresses values(35, '16', 'Park Road', '1AD', 4);
insert into students values(500039, 'Owen', 'Riley', 35);
insert into student_courses values(100039, '2010', 500039, 'CM51');
insert into addresses values(36, '17', 'Springfield Road', '2AJ', 1);
insert into students values(500040, 'Price', 'Julia', 36);
insert into student_courses values(100040, '2008', 500040, 'CM79');
insert into addresses values(37, '18', 'King Street', '2AH', 5);
insert into students values(500041, 'Phillips', 'Jacob', 37);
insert into student_courses values(100041, '2009', 500041, 'CM79');
insert into addresses values(38, '19', 'Stanley Road', '3AH', 1);
insert into students values(500042, 'Morris', 'Isabella', 38);
insert into student_courses values(100042, '2010', 500042, 'CM51');
insert into addresses values(39, '20', 'Queensway', '2BE', 2);
insert into students values(500043, 'Richards', 'Emily', 39);
insert into student_courses values(100043, '2008', 500043, 'CM51');
insert into addresses values(40, '1', 'Victoria Street', '2BC', 1);
insert into students values(500044, 'Smith', 'Madison', 40);
insert into student_courses values(100044, '2009', 500044, 'CM85');
insert into students values(500045, 'Williams', 'Daniel', 40);
insert into student_courses values(100045, '2010', 500045, 'CM85');
insert into addresses values(41, '2', 'Grange Road', '1BG', 4);
insert into students values(500046, 'Jones', 'Olivia', 41);
insert into student_courses values(100046, '2008', 500046, 'CM85');
insert into addresses values(42, '3', 'Grange Road', '1BG', 5);
insert into students values(500047, 'Taylor', 'Sophia', 42);
insert into student_courses values(100047, '2009', 500047, 'CM85');
insert into addresses values(43, '4', 'John''s Road', '2AE', 2);
insert into students values(500048, 'Brown', 'Abigail', 43);
insert into student_courses values(100048, '2010', 500048, 'CM51');
insert into addresses values(44, '5', 'London Road', '1AG', 2);
insert into students values(500049, 'Williams', 'Christopher', 44);
insert into student_courses values(100049, '2008', 500049, 'CM79');
insert into students values(500050, 'Wilson', 'Chloe', 26);
insert into student_courses values(100050, '2009', 500050, 'CM85');
insert into addresses values(45, '7', 'King Street', '2AH', 4);
insert into students values(500051, 'Johnson', 'Samantha', 45);
insert into student_courses values(100051, '2010', 500051, 'CM51');
insert into addresses values(46, '8', 'Church Lane', '1BA', 2);
insert into students values(500052, 'Davies', 'Addison', 46);
insert into student_courses values(100052, '2008', 500052, 'CM51');
insert into addresses values(47, '9', 'North Road', '3AG', 4);
insert into students values(500053, 'Robinson', 'Joseph', 47);
insert into student_courses values(100053, '2009', 500053, 'CM85');
insert into addresses values(48, '10', 'Mill Lane', '2AB', 1);
insert into students values(500054, 'Wright', 'Mia', 48);
insert into student_courses values(100054, '2010', 500054, 'CM79');
insert into addresses values(49, '11', 'Main Street', '1AC', 1);
insert into students values(500055, 'Thompson', 'Alexis', 49);
insert into student_courses values(100055, '2008', 500055, 'CM51');
insert into student_courses values(100056, '2009', 500055, 'CM79');
insert into addresses values(50, '12', 'Springfield Road', '2AJ', 4);
insert into students values(500057, 'Evans', 'Alyssa', 50);
insert into student_courses values(100057, '2009', 500057, 'CM79');
insert into students values(500058, 'Walker', 'James', 33);
insert into student_courses values(100058, '2010', 500058, 'CM85');
insert into addresses values(51, '14', 'Main Street', '1AC', 5);
insert into students values(500059, 'White', 'Ashley', 51);
insert into student_courses values(100059, '2008', 500059, 'CM79');
insert into addresses values(52, '15', 'Kingsway', '1BI', 5);
insert into students values(500060, 'Roberts', 'Ella', 52);
insert into student_courses values(100060, '2009', 500060, 'CM79');
insert into addresses values(53, '16', 'The Green', '2AI', 2);
insert into students values(500061, 'Green', 'Sarah', 53);
insert into student_courses values(100061, '2010', 500061, 'CM51');
insert into addresses values(54, '17', 'Richmond Road', '3AB', 3);
insert into students values(500062, 'Hall', 'Nathan', 54);
insert into student_courses values(100062, '2008', 500062, 'CM79');
insert into addresses values(55, '18', 'The Crescent', '1BD', 5);
insert into students values(500063, 'Wood', 'Taylor', 55);
insert into student_courses values(100063, '2009', 500063, 'CM79');
insert into addresses values(56, '19', 'The Green', '2AI', 3);
insert into students values(500064, 'Jackson', 'Brianna', 56);
insert into student_courses values(100064, '2010', 500064, 'CM79');
insert into addresses values(57, '20', 'Green Lane', '1AI', 2);
insert into students values(500065, 'Clarke', 'Lily', 57);
insert into student_courses values(100065, '2008', 500065, 'CM79');
insert into addresses values(58, '1', 'Windsor Road', '1BJ', 3);
insert into students values(500066, 'Jones', 'Benjamin', 58);
insert into student_courses values(100066, '2009', 500066, 'CM79');
insert into students values(500067, 'Roberts', 'Anna', 58);
insert into student_courses values(100067, '2010', 500067, 'CM79');
insert into addresses values(59, '2', 'Green Lane', '1AI', 4);
insert into students values(500068, 'Williams', 'Victoria', 59);
insert into student_courses values(100068, '2008', 500068, 'CM51');
insert into students values(500069, 'Davies', 'Kayla', 42);
insert into student_courses values(100069, '2009', 500069, 'CM51');
insert into addresses values(60, '4', 'Park Road', '1AD', 1);
insert into students values(500070, 'Evans', 'Nicholas', 60);
insert into student_courses values(100070, '2010', 500070, 'CM79');
insert into addresses values(61, '5', 'Mill Road', '3AJ', 5);
insert into students values(500071, 'Thomas', 'Lauren', 61);
insert into student_courses values(100071, '2008', 500071, 'CM79');
insert into addresses values(62, '6', 'Main Street', '1AC', 4);
insert into students values(500072, 'Roberts', 'Kaylee', 62);
insert into student_courses values(100072, '2009', 500072, 'CM79');
insert into addresses values(63, '7', 'Mill Road', '3AJ', 3);
insert into students values(500073, 'Lewis', 'Allison', 63);
insert into student_courses values(100073, '2010', 500073, 'CM79');
insert into addresses values(64, '8', 'Station Road', '1AB', 1);
insert into students values(500074, 'Hughes', 'Brandon', 64);
insert into student_courses values(100074, '2008', 500074, 'CM51');
insert into addresses values(65, '9', 'Springfield Road', '2AJ', 4);
insert into students values(500075, 'Morgan', 'Nevaeh', 65);
insert into student_courses values(100075, '2009', 500075, 'CM85');
insert into addresses values(66, '10', 'West Street', '2BH', 5);
insert into students values(500076, 'Griffiths', 'Gabriella', 66);
insert into student_courses values(100076, '2010', 500076, 'CM79');
insert into students values(500077, 'Edwards', 'Sofia', 31);
insert into student_courses values(100077, '2008', 500077, 'CM85');
insert into addresses values(67, '12', 'North Street', '2BI', 4);
insert into students values(500078, 'Smith', 'Isaac', 67);
insert into student_courses values(100078, '2009', 500078, 'CM79');
insert into addresses values(68, '13', 'Station Road', '1AB', 2);
insert into students values(500079, 'James', 'Avery', 68);
insert into student_courses values(100079, '2010', 500079, 'CM79');
insert into addresses values(69, '14', 'Mill Lane', '2AB', 1);
insert into students values(500080, 'Rees', 'Riley', 69);
insert into student_courses values(100080, '2008', 500080, 'CM85');
insert into addresses values(70, '15', 'Station Road', '1AB', 5);
insert into students values(500081, 'Jenkins', 'Julia', 70);
insert into student_courses values(100081, '2009', 500081, 'CM85');
insert into addresses values(71, '16', 'Albert Road', '2BD', 2);
insert into students values(500082, 'Owen', 'Jacob', 71);
insert into student_courses values(100082, '2010', 500082, 'CM85');
insert into addresses values(72, '17', 'South Street', '3AD', 5);
insert into students values(500083, 'Price', 'Isabella', 72);
insert into student_courses values(100083, '2008', 500083, 'CM85');
insert into addresses values(73, '18', 'Green Lane', '1AI', 1);
insert into students values(500084, 'Phillips', 'Emily', 73);
insert into student_courses values(100084, '2009', 500084, 'CM79');
insert into addresses values(74, '19', 'Queens Road', '1BE', 5);
insert into students values(500085, 'Morris', 'Madison', 74);
insert into student_courses values(100085, '2010', 500085, 'CM51');
insert into addresses values(75, '20', 'Main Road', '2AF', 5);
insert into students values(500086, 'Richards', 'Daniel', 75);
insert into student_courses values(100086, '2008', 500086, 'CM79');
insert into students values(500087, 'Smith', 'Olivia', 40);
insert into student_courses values(100087, '2009', 500087, 'CM79');
insert into students values(500088, 'Johnson', 'Sophia', 40);
insert into student_courses values(100088, '2010', 500088, 'CM79');
insert into addresses values(76, '2', 'Manchester Road', '2BJ', 4);
insert into students values(500089, 'Jones', 'Abigail', 76);
insert into student_courses values(100089, '2008', 500089, 'CM79');
insert into addresses values(77, '3', 'Kings Road', '1BH', 1);
insert into students values(500090, 'Taylor', 'Christopher', 77);
insert into student_courses values(100090, '2009', 500090, 'CM79');
insert into addresses values(78, '4', 'Alexander Road', '2AC', 3);
insert into students values(500091, 'Brown', 'Chloe', 78);
insert into student_courses values(100091, '2010', 500091, 'CM85');
insert into addresses values(79, '5', 'Victoria Street', '2BC', 4);
insert into students values(500092, 'Williams', 'Samantha', 79);
insert into student_courses values(100092, '2008', 500092, 'CM85');
insert into addresses values(80, '6', 'Queens Road', '1BE', 4);
insert into students values(500093, 'Wilson', 'Addison', 80);
insert into student_courses values(100093, '2009', 500093, 'CM79');
insert into addresses values(81, '7', 'Victoria Street', '2BC', 5);
insert into students values(500094, 'Johnson', 'Joseph', 81);
insert into student_courses values(100094, '2010', 500094, 'CM51');
insert into addresses values(82, '8', 'Albert Road', '2BD', 1);
insert into students values(500095, 'Davies', 'Mia', 82);
insert into student_courses values(100095, '2008', 500095, 'CM85');
insert into addresses values(83, '9', 'The Avenue', '1BC', 5);
insert into students values(500096, 'Robinson', 'Alexis', 83);
insert into student_courses values(100096, '2009', 500096, 'CM79');
insert into addresses values(84, '10', 'The Green', '2AI', 1);
insert into students values(500097, 'Wright', 'Alyssa', 84);
insert into student_courses values(100097, '2010', 500097, 'CM85');
insert into addresses values(85, '11', 'Queen Street', '2BG', 2);
insert into students values(500098, 'Thompson', 'James', 85);
insert into student_courses values(100098, '2008', 500098, 'CM85');
insert into addresses values(86, '12', 'New Street', '2BF', 4);
insert into students values(500099, 'Evans', 'Ashley', 86);
insert into student_courses values(100099, '2009', 500099, 'CM85');
insert into addresses values(87, '13', 'Manchester Road', '2BJ', 2);
insert into students values(500100, 'Walker', 'Ella', 87);
insert into student_courses values(100100, '2010', 500100, 'CM79');
insert into addresses values(88, '14', 'King Street', '2AH', 5);
insert into students values(500101, 'White', 'Sarah', 88);
insert into student_courses values(100101, '2008', 500101, 'CM79');
insert into addresses values(89, '15', 'Main Street', '1AC', 5);
insert into students values(500102, 'Roberts', 'Nathan', 89);
insert into student_courses values(100102, '2009', 500102, 'CM51');
insert into addresses values(90, '16', 'Church Street', '1AF', 2);
insert into students values(500103, 'Green', 'Taylor', 90);
insert into student_courses values(100103, '2010', 500103, 'CM79');
insert into students values(500104, 'Hall', 'Brianna', 17);
insert into student_courses values(100104, '2008', 500104, 'CM85');
insert into addresses values(91, '18', 'Station Road', '1AB', 3);
insert into students values(500105, 'Wood', 'Lily', 91);
insert into student_courses values(100105, '2009', 500105, 'CM79');
insert into addresses values(92, '19', 'North Road', '3AG', 4);
insert into students values(500106, 'Jackson', 'Benjamin', 92);
insert into student_courses values(100106, '2010', 500106, 'CM79');
insert into addresses values(93, '20', 'Church Street', '1AF', 3);
insert into students values(500107, 'Clarke', 'Anna', 93);
insert into student_courses values(100107, '2008', 500107, 'CM85');
insert into students values(500108, 'Thompson', 'Alexis', 93);
insert into student_courses values(100108, '2010', 500108, 'CM79');
